Branch,Home,Automobile,Operating_Cost
B01,400,1200,124000
B02,350,360,71000
B03,600,800,136000
B04,800,1800,219000
B05,900,1600,230000
B06,200,1000,75000
B07,120,900,56000
B08,340,1100,110000
B09,490,900,120000
B10,700,800,144000
,H+A,A+O,H+O
,0.548839391,0.786810396,0.945535709
,Low Positive,Mediam Positive,Strong Possitive
